timestamp,value,sensor_id,location_id
2026-04-09 10:21:31.111+00,22.8,5a31c22bca88de2d3b5dd140,
2026-04-09 10:20:30.998+00,22.7,5a31c22bca88de2d3b5dd140,
2026-04-09 10:19:31.587+00,22.6,5a31c22bca88de2d3b5dd140,
2026-04-09 10:18:31.018+00,22.6,5a31c22bca88de2d3b5dd140,
2026-04-09 10:17:31.138+00,22.6,5a31c22bca88de2d3b5dd140,
2026-04-09 10:16:30.69+00,22.7,5a31c22bca88de2d3b5dd140,
2026-04-09 10:15:30.686+00,22.7,5a31c22bca88de2d3b5dd140,
2026-04-09 10:14:30.61+00,22.7,5a31c22bca88de2d3b5dd140,
2026-04-09 10:13:31.492+00,22.7,5a31c22bca88de2d3b5dd140,
2026-04-09 10:12:33.438+00,22.8,5a31c22bca88de2d3b5dd140,
2026-04-09 10:11:30.965+00,22.8,5a31c22bca88de2d3b5dd140,
2026-04-09 10:10:31.092+00,22.8,5a31c22bca88de2d3b5dd140,
2026-04-09 10:09:30.63+00,22.9,5a31c22bca88de2d3b5dd140,
2026-04-09 10:08:30.378+00,22.9,5a31c22bca88de2d3b5dd140,
2026-04-09 10:07:30.243+00,22.9,5a31c22bca88de2d3b5dd140,
2026-04-09 10:06:30.57+00,22.9,5a31c22bca88de2d3b5dd140,
2026-04-09 10:05:30.288+00,22.9,5a31c22bca88de2d3b5dd140,
2026-04-09 10:04:30.358+00,23,5a31c22bca88de2d3b5dd140,
2026-04-09 10:03:29.849+00,22.8,5a31c22bca88de2d3b5dd140,
2026-04-09 10:02:30+00,22.7,5a31c22bca88de2d3b5dd140,
2026-04-09 10:01:30.499+00,22.6,5a31c22bca88de2d3b5dd140,
2026-04-09 10:00:29.705+00,22.5,5a31c22bca88de2d3b5dd140,
2026-04-09 09:59:29.763+00,22.5,5a31c22bca88de2d3b5dd140,
2026-04-09 09:58:29.398+00,22.5,5a31c22bca88de2d3b5dd140,
2026-04-09 09:57:29.447+00,22.5,5a31c22bca88de2d3b5dd140,
2026-04-09 09:56:29.557+00,22.5,5a31c22bca88de2d3b5dd140,
2026-04-09 09:55:29.289+00,22.5,5a31c22bca88de2d3b5dd140,
2026-04-09 09:54:29.384+00,22.6,5a31c22bca88de2d3b5dd140,
2026-04-09 09:53:29.137+00,22.6,5a31c22bca88de2d3b5dd140,
2026-04-09 09:52:29.094+00,22.6,5a31c22bca88de2d3b5dd140,
2026-04-09 09:51:29.118+00,22.6,5a31c22bca88de2d3b5dd140,
2026-04-09 09:50:28.806+00,22.6,5a31c22bca88de2d3b5dd140,
2026-04-09 09:49:28.624+00,22.7,5a31c22bca88de2d3b5dd140,
2026-04-09 09:48:28.687+00,22.8,5a31c22bca88de2d3b5dd140,
2026-04-09 09:47:28.711+00,22.9,5a31c22bca88de2d3b5dd140,
2026-04-09 09:46:28.462+00,22.9,5a31c22bca88de2d3b5dd140,
2026-04-09 09:45:28.249+00,22.9,5a31c22bca88de2d3b5dd140,
2026-04-09 09:44:28.348+00,22.8,5a31c22bca88de2d3b5dd140,
2026-04-09 09:43:28.254+00,22.8,5a31c22bca88de2d3b5dd140,
2026-04-09 09:42:27.975+00,22.8,5a31c22bca88de2d3b5dd140,
2026-04-09 09:41:27.956+00,22.7,5a31c22bca88de2d3b5dd140,
2026-04-09 09:40:28.026+00,22.7,5a31c22bca88de2d3b5dd140,
2026-04-09 09:39:27.685+00,22.8,5a31c22bca88de2d3b5dd140,
2026-04-09 09:38:27.801+00,22.7,5a31c22bca88de2d3b5dd140,
2026-04-09 09:37:27.692+00,22.8,5a31c22bca88de2d3b5dd140,
2026-04-09 09:36:27.354+00,22.8,5a31c22bca88de2d3b5dd140,
2026-04-09 09:35:27.382+00,22.8,5a31c22bca88de2d3b5dd140,
2026-04-09 09:34:27.458+00,22.8,5a31c22bca88de2d3b5dd140,
2026-04-09 09:33:27.335+00,22.8,5a31c22bca88de2d3b5dd140,
2026-04-09 09:32:27.132+00,22.8,5a31c22bca88de2d3b5dd140,
2026-04-09 09:31:27.37+00,22.9,5a31c22bca88de2d3b5dd140,
2026-04-09 09:30:27.218+00,22.8,5a31c22bca88de2d3b5dd140,
2026-04-09 09:29:26.973+00,22.8,5a31c22bca88de2d3b5dd140,
2026-04-09 09:28:26.78+00,22.8,5a31c22bca88de2d3b5dd140,
2026-04-09 09:27:27.002+00,22.8,5a31c22bca88de2d3b5dd140,
2026-04-09 09:26:26.601+00,22.8,5a31c22bca88de2d3b5dd140,
2026-04-09 09:25:26.539+00,22.7,5a31c22bca88de2d3b5dd140,
2026-04-09 09:24:27.283+00,22.6,5a31c22bca88de2d3b5dd140,
2026-04-09 09:23:26.386+00,22.6,5a31c22bca88de2d3b5dd140,
2026-04-09 09:22:26.378+00,22.6,5a31c22bca88de2d3b5dd140,
2026-04-09 09:21:26.308+00,22.6,5a31c22bca88de2d3b5dd140,
2026-04-09 09:20:26.266+00,22.5,5a31c22bca88de2d3b5dd140,
2026-04-09 09:19:26.043+00,22.6,5a31c22bca88de2d3b5dd140,
2026-04-09 09:18:25.842+00,22.6,5a31c22bca88de2d3b5dd140,
2026-04-09 09:17:25.878+00,22.7,5a31c22bca88de2d3b5dd140,
2026-04-09 09:16:25.68+00,22.7,5a31c22bca88de2d3b5dd140,
2026-04-09 09:15:25.667+00,22.7,5a31c22bca88de2d3b5dd140,
2026-04-09 09:14:25.484+00,22.7,5a31c22bca88de2d3b5dd140,
2026-04-09 09:13:25.355+00,22.7,5a31c22bca88de2d3b5dd140,
2026-04-09 09:12:25.305+00,22.7,5a31c22bca88de2d3b5dd140,
2026-04-09 09:11:25.267+00,22.6,5a31c22bca88de2d3b5dd140,
2026-04-09 09:10:25.252+00,22.6,5a31c22bca88de2d3b5dd140,
2026-04-09 09:09:25.22+00,22.5,5a31c22bca88de2d3b5dd140,
2026-04-09 09:08:24.84+00,22.6,5a31c22bca88de2d3b5dd140,
2026-04-09 09:07:24.835+00,22.6,5a31c22bca88de2d3b5dd140,
2026-04-09 09:06:24.775+00,22.7,5a31c22bca88de2d3b5dd140,
2026-04-09 09:05:24.712+00,22.7,5a31c22bca88de2d3b5dd140,
2026-04-09 09:04:25.025+00,22.6,5a31c22bca88de2d3b5dd140,
2026-04-09 09:03:24.705+00,22.6,5a31c22bca88de2d3b5dd140,
2026-04-09 09:02:24.697+00,22.6,5a31c22bca88de2d3b5dd140,
2026-04-09 09:01:24.625+00,22.5,5a31c22bca88de2d3b5dd140,
2026-04-09 09:00:24.523+00,22.5,5a31c22bca88de2d3b5dd140,
2026-04-09 08:59:24.7+00,22.5,5a31c22bca88de2d3b5dd140,
2026-04-09 08:58:28.711+00,22.5,5a31c22bca88de2d3b5dd140,
2026-04-09 08:57:24.546+00,22.4,5a31c22bca88de2d3b5dd140,
2026-04-09 08:56:24.639+00,22.4,5a31c22bca88de2d3b5dd140,
2026-04-09 08:55:24.054+00,22.5,5a31c22bca88de2d3b5dd140,
2026-04-09 08:54:23.834+00,22.5,5a31c22bca88de2d3b5dd140,
2026-04-09 08:53:23.903+00,22.5,5a31c22bca88de2d3b5dd140,
2026-04-09 08:52:23.588+00,22.5,5a31c22bca88de2d3b5dd140,
2026-04-09 08:51:23.529+00,22.4,5a31c22bca88de2d3b5dd140,
2026-04-09 08:50:23.706+00,22.4,5a31c22bca88de2d3b5dd140,
2026-04-09 08:49:23.808+00,22.3,5a31c22bca88de2d3b5dd140,
2026-04-09 08:48:24.533+00,22.2,5a31c22bca88de2d3b5dd140,
2026-04-09 08:47:23.384+00,22.1,5a31c22bca88de2d3b5dd140,
2026-04-09 08:46:23.451+00,22.1,5a31c22bca88de2d3b5dd140,
2026-04-09 08:45:23.251+00,22.1,5a31c22bca88de2d3b5dd140,
2026-04-09 08:44:23.699+00,22,5a31c22bca88de2d3b5dd140,
2026-04-09 08:43:23.739+00,22,5a31c22bca88de2d3b5dd140,
2026-04-09 08:42:23.575+00,22,5a31c22bca88de2d3b5dd140,
2026-04-09 08:41:23.453+00,22,5a31c22bca88de2d3b5dd140,
2026-04-09 08:40:23.254+00,21.9,5a31c22bca88de2d3b5dd140,
2026-04-09 08:39:23.345+00,22,5a31c22bca88de2d3b5dd140,
2026-04-09 08:38:23.433+00,22,5a31c22bca88de2d3b5dd140,
2026-04-09 08:37:22.685+00,22,5a31c22bca88de2d3b5dd140,
2026-04-09 08:36:22.503+00,22,5a31c22bca88de2d3b5dd140,
2026-04-09 08:35:22.491+00,22,5a31c22bca88de2d3b5dd140,
2026-04-09 08:34:22.91+00,22.1,5a31c22bca88de2d3b5dd140,
2026-04-09 08:33:22.379+00,22.1,5a31c22bca88de2d3b5dd140,
2026-04-09 08:32:22.418+00,22.1,5a31c22bca88de2d3b5dd140,
2026-04-09 08:31:22.295+00,22.1,5a31c22bca88de2d3b5dd140,
2026-04-09 08:30:22.043+00,22.1,5a31c22bca88de2d3b5dd140,
2026-04-09 08:29:21.878+00,22.1,5a31c22bca88de2d3b5dd140,
2026-04-09 08:28:22.107+00,22,5a31c22bca88de2d3b5dd140,
2026-04-09 08:27:22.221+00,22.1,5a31c22bca88de2d3b5dd140,
2026-04-09 08:26:22.152+00,22.1,5a31c22bca88de2d3b5dd140,
2026-04-09 08:25:22.503+00,22,5a31c22bca88de2d3b5dd140,
2026-04-09 08:24:21.833+00,22,5a31c22bca88de2d3b5dd140,
2026-04-09 08:23:21.474+00,22,5a31c22bca88de2d3b5dd140,
2026-04-09 08:22:21.294+00,21.9,5a31c22bca88de2d3b5dd140,
2026-04-09 08:21:21.693+00,21.9,5a31c22bca88de2d3b5dd140,
2026-04-09 08:20:21.304+00,21.9,5a31c22bca88de2d3b5dd140,
2026-04-09 08:19:21.372+00,21.9,5a31c22bca88de2d3b5dd140,
2026-04-09 08:18:21.029+00,21.9,5a31c22bca88de2d3b5dd140,
2026-04-09 08:17:21.269+00,21.9,5a31c22bca88de2d3b5dd140,
2026-04-09 08:16:20.678+00,21.9,5a31c22bca88de2d3b5dd140,
2026-04-09 08:15:20.713+00,21.9,5a31c22bca88de2d3b5dd140,
2026-04-09 08:14:20.938+00,21.9,5a31c22bca88de2d3b5dd140,
2026-04-09 08:13:20.808+00,21.9,5a31c22bca88de2d3b5dd140,
2026-04-09 08:12:20.46+00,22,5a31c22bca88de2d3b5dd140,
2026-04-09 08:11:20.403+00,21.9,5a31c22bca88de2d3b5dd140,
2026-04-09 08:10:20.352+00,22,5a31c22bca88de2d3b5dd140,
2026-04-09 08:09:20.187+00,22,5a31c22bca88de2d3b5dd140,
2026-04-09 08:08:20.493+00,21.9,5a31c22bca88de2d3b5dd140,
2026-04-09 08:07:20.28+00,21.9,5a31c22bca88de2d3b5dd140,
2026-04-09 08:06:19.976+00,21.9,5a31c22bca88de2d3b5dd140,
2026-04-09 08:05:19.915+00,21.9,5a31c22bca88de2d3b5dd140,
2026-04-09 08:04:19.858+00,22,5a31c22bca88de2d3b5dd140,
2026-04-09 08:03:19.598+00,22,5a31c22bca88de2d3b5dd140,
2026-04-09 08:02:19.735+00,21.9,5a31c22bca88de2d3b5dd140,
2026-04-09 08:01:19.606+00,22,5a31c22bca88de2d3b5dd140,
2026-04-09 08:00:19.435+00,22,5a31c22bca88de2d3b5dd140,
2026-04-09 07:59:19.35+00,22.1,5a31c22bca88de2d3b5dd140,
2026-04-09 07:58:19.255+00,22.2,5a31c22bca88de2d3b5dd140,
2026-04-09 07:57:19.125+00,22.2,5a31c22bca88de2d3b5dd140,
2026-04-09 07:56:19.052+00,22.2,5a31c22bca88de2d3b5dd140,
2026-04-09 07:55:18.969+00,22.2,5a31c22bca88de2d3b5dd140,
2026-04-09 07:54:19.173+00,22.2,5a31c22bca88de2d3b5dd140,
2026-04-09 07:53:18.945+00,22.2,5a31c22bca88de2d3b5dd140,
2026-04-09 07:52:18.925+00,22.2,5a31c22bca88de2d3b5dd140,
2026-04-09 07:51:19.158+00,22.2,5a31c22bca88de2d3b5dd140,
2026-04-09 07:50:18.602+00,22.1,5a31c22bca88de2d3b5dd140,
2026-04-09 07:49:18.461+00,22,5a31c22bca88de2d3b5dd140,
2026-04-09 07:48:19.169+00,22,5a31c22bca88de2d3b5dd140,
2026-04-09 07:47:18.413+00,22,5a31c22bca88de2d3b5dd140,
2026-04-09 07:46:18.503+00,21.9,5a31c22bca88de2d3b5dd140,
2026-04-09 07:45:18.171+00,21.9,5a31c22bca88de2d3b5dd140,
2026-04-09 07:44:18.004+00,21.9,5a31c22bca88de2d3b5dd140,
2026-04-09 07:43:17.969+00,22,5a31c22bca88de2d3b5dd140,
2026-04-09 07:42:17.862+00,21.9,5a31c22bca88de2d3b5dd140,
2026-04-09 07:41:17.785+00,21.8,5a31c22bca88de2d3b5dd140,
2026-04-09 07:40:17.698+00,21.9,5a31c22bca88de2d3b5dd140,
2026-04-09 07:39:17.928+00,21.8,5a31c22bca88de2d3b5dd140,
2026-04-09 07:38:17.442+00,21.8,5a31c22bca88de2d3b5dd140,
2026-04-09 07:37:17.555+00,21.8,5a31c22bca88de2d3b5dd140,
2026-04-09 07:36:17.303+00,21.8,5a31c22bca88de2d3b5dd140,
2026-04-09 07:35:17.29+00,21.7,5a31c22bca88de2d3b5dd140,
2026-04-09 07:34:17.122+00,21.7,5a31c22bca88de2d3b5dd140,
2026-04-09 07:33:17.052+00,21.6,5a31c22bca88de2d3b5dd140,
2026-04-09 07:32:17.023+00,21.6,5a31c22bca88de2d3b5dd140,
2026-04-09 07:31:16.954+00,21.6,5a31c22bca88de2d3b5dd140,
2026-04-09 07:30:17.464+00,21.5,5a31c22bca88de2d3b5dd140,
2026-04-09 07:29:16.777+00,21.5,5a31c22bca88de2d3b5dd140,
2026-04-09 07:28:16.851+00,21.5,5a31c22bca88de2d3b5dd140,
2026-04-09 07:27:16.716+00,21.5,5a31c22bca88de2d3b5dd140,
2026-04-09 07:26:16.667+00,21.5,5a31c22bca88de2d3b5dd140,
2026-04-09 07:25:16.752+00,21.5,5a31c22bca88de2d3b5dd140,
2026-04-09 07:24:16.712+00,21.5,5a31c22bca88de2d3b5dd140,
2026-04-09 07:23:16.469+00,21.4,5a31c22bca88de2d3b5dd140,
2026-04-09 07:22:16.496+00,21.4,5a31c22bca88de2d3b5dd140,
2026-04-09 07:20:08.45+00,22,5a31c22bca88de2d3b5dd140,
2026-04-09 07:19:15.908+00,22.3,5a31c22bca88de2d3b5dd140,
2026-04-09 07:18:13.193+00,22.7,5a31c22bca88de2d3b5dd140,
2026-04-09 05:06:30.816+00,21.5,5a31c22bca88de2d3b5dd140,
2026-04-09 05:05:37.762+00,22,5a31c22bca88de2d3b5dd140,
2026-04-09 05:04:35.828+00,21.9,5a31c22bca88de2d3b5dd140,